nome,cpf,idade,data,endereco,estado,pais
Sr. Vitor Gabriel Silva,640.719.385-01,90,06/12/1933,"Trevo Emanuel Silva, 482
Vila Tirol
47847085 Pereira / AP",Rondônia,Brasil
Calebe Santos,651.297.384-46,40,06/03/1984,"Recanto Moraes, 7
Ernesto Nascimento
96497-621 da Rosa / PB",Rio de Janeiro,Brasil
Evelyn Pires,107.643.528-90,80,09/03/1944,"Travessa de Caldeira, 237
Santa Terezinha
84390313 Sales / TO",Sergipe,Brasil
Maria Julia Castro,164.750.293-43,76,12/04/1947,"Residencial de Pereira, 20
Jatobá
62127-165 Gomes de Santos / AL",Pernambuco,Brasil
